1587108546,0,0,0,0,0,0,1
1587108546,0,1,0,0,0,0,0
1587108546,0,0,0,0,1,0,0
1587108546,1,0,0,0,0,0,0
1587108546,0,0,0,1,0,0,0
1587108546,0,0,0,0,0,0,1
1587108546,0,1,0,0,0,0,0
1587108546,0,0,1,0,0,0,0
1587108546,1,0,0,0,0,0,0
1587108546,0,0,0,0,1,0,0
1587108546,0,0,0,1,0,0,0
1587108546,0,0,0,0,0,1,0
1587108546,0,1,0,0,0,0,0
1587108546,0,0,0,0,0,0,1
1587108546,1,0,0,0,0,0,0
1587108546,0,0,1,0,0,0,0
1587108546,0,0,0,0,1,0,0
1587108546,0,0,0,0,0,1,0
1587108546,0,0,0,1,0,0,0
1587108546,0,1,0,0,0,0,0
1587108546,0,0,0,0,0,0,1
1587108546,1,0,0,0,0,0,0
1587108546,0,-1,1,-1,-1,-1,0
1587111143,0,1,0,0,0,0,0
1587111143,0,0,0,0,0,0,1
1587111143,1,0,0,0,0,0,0
1587111143,0,0,0,0,0,1,0
1587111143,0,0,1,0,0,0,0
1587111143,0,1,0,0,0,0,0
1587111143,0,0,0,1,0,0,0
1587111143,0,0,1,0,0,0,0
1587111143,0,0,0,0,0,0,1
1587111143,0,0,0,0,0,1,0
1587111143,0,0,0,0,1,0,0
1587111143,0,1,0,0,0,0,0
1587111143,0,0,0,1,0,0,0
1587111143,1,0,0,0,0,0,0
1587111143,0,0,1,0,0,0,0
1587111143,0,0,0,0,0,0,1
1587111143,0,0,0,0,1,0,0
1587111143,0,0,0,0,0,1,0
1587111143,1,0,0,0,-1,0,0
1587111143,-1,0,1,0,-1,-1,0
1587111143,-1,0,-1,1,-1,-1,0
1587111143,-1,0,-1,-1,-1,-1,1
1587111143,-1,1,-1,-1,-1,-1,-1
1587111143,-1,1,-1,-1,-1,-1,-1
1587111143,-1,1,-1,-1,-1,-1,-1
1587113290,0,0,1,0,0,0,0
1587113290,0,0,0,0,0,0,1
1587113290,0,0,0,0,1,0,0
1587113290,0,0,0,0,0,1,0
1587113290,1,0,0,0,0,0,0
1587113290,0,1,0,0,0,0,0
1587113290,0,0,0,1,0,0,0
1587113290,0,0,0,0,1,0,0
1587113290,0,0,0,0,0,1,0
1587113290,0,0,0,0,0,0,1
1587113290,0,0,1,0,0,0,0
1587113290,1,0,0,0,0,0,0
1587113290,0,0,0,1,0,0,0
1587113290,0,0,0,0,1,0,0
1587113290,0,0,0,0,0,0,1
1587113290,0,1,0,0,0,0,0
1587113290,0,0,0,0,-1,1,0
1587113290,1,0,0,0,-1,0,0
1587113290,0,0,1,0,-1,0,-1
1587113290,0,1,0,0,-1,-1,-1
1587113290,-1,0,0,0,-1,-1,-1
1587113290,-1,0,0,1,-1,-1,-1
1587113290,-1,-1,-1,0,-1,-1,-1
1587113290,-1,-1,-1,1,-1,-1,-1
1587113290,-1,-1,-1,1,-1,-1,-1
1587170640,0,0,0,0,0,0,1
1587170640,0,1,0,0,0,0,0
1587170640,0,0,0,0,1,0,0
1587170640,0,0,0,0,0,1,0
1587170640,0,0,0,1,0,0,0
1587170640,1,0,0,0,0,0,0
1587170640,0,0,0,0,0,0,1
1587170640,0,0,1,0,0,0,0
1587170640,0,1,0,0,0,0,0
1587170640,0,0,0,1,0,0,0
1587170640,0,0,0,0,0,1,0
1587170640,0,0,0,0,1,0,0
1587170640,0,0,1,0,0,0,0
1587170640,1,0,0,0,0,0,0
1587170640,0,0,0,0,0,0,1
1587170640,0,0,0,1,0,0,0
1587170640,0,1,0,0,0,0,0
1587170640,0,0,0,0,0,1,0
1587170640,0,0,0,0,1,0,0
1587170640,0,0,0,0,0,0,1
1587170640,0,0,1,-1,0,0,0
1587172383,0,0,1,0,0,0,0
1587172383,0,0,0,1,0,0,0
1587172383,0,0,0,0,0,1,0
1587172383,0,0,0,0,1,0,0
1587172383,1,0,0,0,0,0,0
1587172383,0,1,0,0,0,0,0
1587172383,0,0,1,0,0,0,0
1587172383,0,0,0,0,0,1,0
1587172383,0,0,0,1,0,0,0
1587172383,1,0,0,0,0,0,0
1587172383,0,0,0,0,1,0,0
1587172383,0,0,0,0,0,0,1
1587172383,0,0,0,0,0,1,0
1587172383,0,1,0,0,0,0,0
1587172383,0,0,0,1,0,0,0
1587172383,0,0,1,0,0,0,0
1587172383,0,0,0,0,0,0,1
1587172383,0,0,0,0,1,0,0
1587172383,0,1,0,0,0,0,0
1587174802,1,0,0,0,0,0,0
1587174802,0,0,0,0,0,0,1
1587174802,0,0,1,0,0,0,0
1587174802,0,0,0,0,1,0,0
1587174802,0,0,0,0,0,1,0
1587174802,1,0,0,0,0,0,0
1587174802,0,0,1,0,0,0,0
1587174802,0,1,0,0,0,0,0
1587174802,1,0,0,0,0,0,0
1587174802,0,0,0,0,0,1,0
1587174802,0,0,0,0,1,0,0
1587174802,0,0,0,1,0,0,0
1587174802,0,0,1,0,0,0,0
1587174802,1,0,0,0,0,0,0
1587174802,0,0,0,0,0,0,1
1587174802,0,0,0,1,0,0,-1
1587174802,0,-1,1,0,-1,0,-1
1587174802,1,-1,0,-1,-1,0,-1
1587174802,0,-1,1,-1,-1,-1,-1
1587174802,1,-1,-1,-1,-1,-1,-1
1587174802,1,-1,-1,-1,-1,-1,-1
1587174802,1,-1,-1,-1,-1,-1,-1
1587174802,1,-1,-1,-1,-1,-1,-1
1587183247,0,0,1,0,0,0,0
1587183247,0,1,0,0,0,0,0
1587183247,0,0,0,0,0,0,1
1587183247,0,0,0,0,0,1,0
1587183247,0,0,0,0,1,0,0
1587183247,1,0,0,0,0,0,0
1587183247,0,1,0,0,0,0,0
1587183247,0,0,0,0,0,0,1
1587183247,0,0,0,1,0,0,0
1587183247,0,0,1,0,0,0,0
1587183247,0,0,0,0,0,1,0
1587183247,1,0,0,0,0,0,0
1587183247,0,0,0,0,1,0,0
1587183247,0,1,0,0,0,0,0
1587183247,0,0,0,0,0,0,1
1587183247,0,0,1,0,0,0,0
1587183247,1,0,0,0,0,0,0
1587183247,0,0,0,1,0,0,0
1587183247,0,1,0,0,0,0,0
1587183247,0,0,0,0,0,-1,1
1587183247,1,0,-1,0,0,-1,0
1587183247,1,0,-1,-1,0,-1,0
1587183247,-1,1,-1,-1,0,-1,0
1587183247,-1,0,-1,-1,1,-1,0
1587183247,-1,0,-1,-1,-1,-1,1
1587185476,0,0,0,0,0,0,0
1587185476,1,0,0,0,0,0,0
1587185476,0,0,0,0,0,1,0
1587185476,0,0,0,0,1,0,0
1587185476,0,0,1,0,0,0,0
1587185476,0,0,0,0,0,0,1
1587185476,0,0,0,1,0,0,0
1587185476,0,1,0,0,0,0,0
1587185476,1,0,0,0,0,0,0
1587185476,0,0,0,0,1,0,0
1587185476,0,0,1,0,0,0,0
1587185476,0,0,0,1,0,0,0
1587185476,0,0,0,0,0,0,1
1587185476,0,0,0,0,0,1,0
1587185476,1,0,0,0,0,0,0
1587185476,0,0,1,0,0,0,0
1587185476,0,1,0,0,0,0,0
1587185476,0,0,0,0,0,0,1
1587185476,0,0,-1,0,1,0,0
1587185476,0,0,-1,1,0,0,0
1587185476,0,1,-1,-1,0,0,0
1587185476,1,0,-1,-1,0,-1,0
1587185476,-1,-1,-1,-1,0,-1,1
1587185476,-1,-1,-1,-1,1,-1,0
1587185476,-1,-1,-1,-1,0,-1,1
1587185476,-1,-1,-1,-1,-1,-1,1
1587187876,0,0,0,0,0,1,0
1587187876,0,0,0,0,1,0,0
1587187876,0,0,0,0,0,0,1
1587187876,0,0,0,1,0,0,0
1587187876,1,0,0,0,0,0,0
1587187876,0,0,1,0,0,0,0
1587187876,0,0,0,0,1,0,0
1587187876,0,0,0,0,0,1,0
1587187876,0,0,0,1,0,0,0
1587187876,0,0,1,0,0,0,0
1587187876,0,0,0,0,0,0,1
1587187876,1,0,0,0,0,0,0
1587187876,0,1,0,0,0,0,0
1587187876,0,0,0,0,0,1,0
1587187876,0,0,1,0,0,0,0
1587187876,0,0,0,0,0,0,1
1587187876,0,0,0,1,0,-1,0
1587187876,0,0,1,-1,-1,-1,0
1587187876,0,1,0,-1,-1,-1,0
1587187876,1,0,0,-1,-1,-1,0
1587187876,0,0,1,-1,-1,-1,0
1587187876,0,1,0,-1,-1,-1,-1
1587187876,1,-1,0,-1,-1,-1,-1
1587187876,0,-1,1,-1,-1,-1,-1
1587187876,1,-1,-1,-1,-1,-1,-1
1587187876,1,-1,-1,-1,-1,-1,-1
1587187876,1,-1,-1,-1,-1,-1,-1
1587190576,0,1,0,0,0,0,0
1587190576,0,0,0,0,1,0,0
1587190576,0,0,0,0,0,0,1
1587190576,1,0,0,0,0,0,0
1587190576,0,0,0,0,0,1,0
1587190576,0,0,0,1,0,0,0
1587190576,0,1,0,0,0,0,0
1587190576,0,0,0,0,1,0,0
1587190576,1,0,0,0,0,0,0
1587190576,0,0,0,0,0,0,1
1587190576,0,0,0,1,0,0,0
1587190576,0,1,0,0,0,0,0
1587190576,0,0,0,0,1,0,0
1587190576,0,0,0,0,0,1,0
1587190576,0,0,0,0,0,0,1
1587190576,1,0,0,0,0,0,0
1587190576,0,1,0,0,0,0,0
1587190576,0,0,1,0,0,0,0
1587190576,0,0,-1,1,0,0,0
1587190576,0,0,-1,0,1,0,0
1587190576,1,0,-1,0,-1,0,-1
1587190576,-1,0,-1,1,-1,0,-1
1587190576,-1,1,-1,0,-1,0,-1
1587192900,0,0,0,0,0,0,1
1587192900,1,0,0,0,0,0,0
1587192900,0,0,0,0,1,0,0
1587192900,0,0,0,1,0,0,0
1587192900,0,1,0,0,0,0,0
1587192900,0,0,1,0,0,0,0
1587192900,0,0,0,0,0,0,1
1587192900,0,0,0,0,0,1,0
1587192900,1,0,0,0,0,0,0
1587192900,0,0,0,0,1,0,0
1587192900,0,0,1,0,0,0,0
1587192900,0,0,0,1,0,0,0
1587192900,0,0,0,0,0,0,1
1587192900,1,0,0,0,0,0,0
1587192900,0,1,0,0,0,0,0
1587192900,0,0,1,0,0,0,0
1587192900,0,0,0,1,0,0,0
1587192900,0,0,0,0,0,0,1
1587192900,0,0,0,0,1,0,0
1587192900,0,1,0,0,0,0,0
1587192900,0,0,1,0,0,0,0
1587192900,1,0,0,0,0,0,0
1587192900,0,1,0,-1,0,0,-1
1587192900,-1,0,1,-1,0,0,-1
1587195286,0,0,0,0,0,0,0
1587195286,0,0,0,0,0,0,1
1587195286,0,0,0,1,0,0,0
1587195286,0,0,0,0,1,0,0
1587195286,0,1,0,0,0,0,0
1587195286,0,0,1,0,0,0,0
1587195286,0,0,0,0,0,1,0
1587195286,0,0,0,0,0,0,1
1587195286,0,1,0,0,0,0,0
1587195286,0,0,1,0,0,0,0
1587195286,1,0,0,0,0,0,0
1587195286,0,0,0,1,0,0,0
1587195286,0,0,0,0,1,0,0
1587195286,0,1,0,0,0,0,0
1587195286,0,0,0,0,0,1,0
1587195286,0,0,0,0,0,0,1
1587195286,0,0,0,1,0,0,0
1587195286,1,0,0,0,0,0,0
1587195286,0,0,0,0,-1,1,0
1587195286,0,1,0,0,-1,0,0
1587195286,0,0,0,0,-1,-1,1
1587195286,0,0,0,1,-1,-1,0
1587195286,0,1,0,-1,-1,-1,0
1587195286,1,0,0,-1,-1,-1,-1
1587195286,0,0,1,-1,-1,-1,-1
1587195286,-1,0,1,-1,-1,-1,-1
1587197026,0,0,0,0,0,0,1
1587197026,1,0,0,0,0,0,0
1587197026,0,0,0,1,0,0,0
1587197026,0,1,0,0,0,0,0
1587197026,0,0,0,0,0,1,0
1587197026,0,0,1,0,0,0,0
1587197026,1,0,0,0,0,0,0
1587197026,0,0,0,0,0,0,1
1587197026,0,0,0,0,1,0,0
1587197026,0,0,0,1,0,0,0
1587197026,0,0,1,0,0,0,0
1587197026,0,0,0,1,0,0,0
1587197026,1,0,0,0,0,0,0
1587197026,0,0,0,0,1,0,0
1587197026,0,1,0,0,0,0,0
1587197026,0,0,0,0,0,0,1
1587197026,0,0,0,0,0,1,0
1587197026,0,0,-1,1,0,0,0
1587197026,0,1,-1,0,0,0,0
1587199137,0,0,0,1,0,0,0
1587199137,0,0,0,0,0,0,1
1587199137,0,0,1,0,0,0,0
1587199137,0,0,0,0,1,0,0
1587199137,1,0,0,0,0,0,0
1587199137,0,1,0,0,0,0,0
1587199137,0,0,0,1,0,0,0
1587199137,0,0,0,0,0,1,0
1587199137,0,0,1,0,0,0,0
1587199137,0,0,0,0,0,0,1
1587199137,0,0,0,0,1,0,0
1587199137,0,1,0,0,0,0,0
1587199137,0,0,0,0,0,1,0
1587199137,0,0,0,1,0,0,0
1587199137,0,0,0,0,0,0,1
1587199137,0,0,0,0,1,0,0
1587199137,1,0,0,0,0,0,0
1587199137,0,0,1,0,0,0,0
1587199137,0,-1,0,1,0,0,0
1587199137,0,-1,-1,0,0,0,1
1587199137,0,-1,-1,0,1,0,-1
1587200965,0,0,0,0,1,0,0
1587200965,0,1,0,0,0,0,0
1587200965,0,0,0,0,0,0,1
1587200965,1,0,0,0,0,0,0
1587200965,0,0,1,0,0,0,0
1587200965,0,0,0,0,1,0,0
1587200965,0,1,0,0,0,0,0
1587200965,0,0,0,1,0,0,0
1587200965,0,0,0,0,0,1,0
1587200965,1,0,0,0,0,0,0
1587200965,0,0,1,0,0,0,0
1587200965,0,0,0,0,1,0,0
1587200965,0,0,0,1,0,0,0
1587200965,0,1,0,0,0,0,0
1587200965,0,0,0,0,0,0,1
1587200965,0,0,0,0,0,1,0
1587200965,1,0,0,0,0,0,0
1587200965,0,0,0,0,1,0,0
1587200965,0,1,0,0,0,0,0
1587203193,0,0,0,1,0,0,0
1587203193,0,0,0,0,0,0,1
1587203193,0,1,0,0,0,0,0
1587203193,0,0,0,0,1,0,0
1587203193,0,0,0,0,0,1,0
1587203193,1,0,0,0,0,0,0
1587203193,0,0,0,1,0,0,0
1587203193,0,1,0,0,0,0,0
1587203193,0,0,0,0,0,0,1
1587203193,0,0,1,0,0,0,0
1587203193,0,0,0,0,1,0,0
1587203193,1,0,0,0,0,0,0
1587203193,0,0,0,0,0,1,0
1587203193,0,1,0,0,0,0,0
1587203193,0,0,1,0,0,0,0
1587203193,0,0,0,0,0,0,1
1587203193,1,0,0,0,0,0,0
1587203193,0,0,0,0,0,1,0
1587203193,0,0,0,0,1,0,0
1587203193,0,1,0,0,0,-1,0
1587203193,-1,0,0,1,0,-1,0
1587203193,-1,0,1,0,0,-1,0
1587203193,-1,-1,0,0,1,-1,-1
1587203193,-1,-1,1,0,-1,-1,-1
1587203193,-1,-1,0,1,-1,-1,-1
1587252583,0,0,0,0,1,0,0
1587252583,1,0,0,0,0,0,0
1587252583,0,0,1,0,0,0,0
1587252583,0,0,0,1,0,0,0
1587252583,0,1,0,0,0,0,0
1587252583,0,0,0,0,1,0,0
1587252583,0,0,0,0,0,0,1
1587252583,0,0,0,0,0,1,0
1587252583,0,0,0,1,0,0,0
1587252583,0,0,1,0,0,0,0
1587252583,1,0,0,0,0,0,0
1587252583,0,0,0,0,1,0,0
1587252583,0,0,0,0,0,0,1
1587252583,0,0,0,0,0,1,0
1587252583,0,1,0,0,0,0,0
1587252583,0,0,1,0,0,0,0
1587252583,0,0,0,1,0,0,0
1587252583,0,0,0,0,1,0,0
1587252583,0,1,0,0,0,0,0
1587252583,0,0,-1,0,0,1,0
1587252583,0,0,-1,1,0,0,0
1587254965,0,0,0,0,0,0,0
1587254965,0,0,0,0,1,0,0
1587254965,0,0,1,0,0,0,0
1587254965,0,1,0,0,0,0,0
1587254965,1,0,0,0,0,0,0
1587254965,0,0,0,0,0,0,1
1587254965,0,0,0,1,0,0,0
1587254965,0,0,0,0,0,1,0
1587254965,0,1,0,0,0,0,0
1587254965,0,0,1,0,0,0,0
1587254965,0,0,0,0,0,0,1
1587254965,1,0,0,0,0,0,0
1587254965,0,0,0,0,0,1,0
1587254965,0,1,0,0,0,0,0
1587254965,0,0,0,1,0,0,0
1587254965,0,0,1,0,0,0,0
1587254965,1,0,0,0,0,0,0
1587254965,0,0,0,0,1,0,0
1587254965,0,1,0,0,0,0,0
1587254965,0,0,0,0,0,1,0
1587254965,0,1,-1,-1,-1,0,0
1587254965,0,0,-1,-1,-1,0,1
1587254965,1,0,-1,-1,-1,0,0
1587254965,0,1,-1,-1,-1,0,0
1587254965,0,0,-1,-1,-1,0,1
1587254965,1,0,-1,-1,-1,0,-1
1587254965,-1,1,-1,-1,-1,-1,-1
1587254965,-1,1,-1,-1,-1,-1,-1
1587257297,0,0,1,0,0,0,0
1587257297,0,0,0,0,0,0,1
1587257297,0,0,0,0,0,1,0
1587257297,0,0,0,1,0,0,0
1587257297,1,0,0,0,0,0,0
1587257297,0,1,0,0,0,0,0
1587257297,0,0,0,0,1,0,0
1587257297,0,0,0,0,0,1,0
1587257297,0,0,0,0,0,0,1
1587257297,0,0,0,1,0,0,0
1587257297,1,0,0,0,0,0,0
1587257297,0,0,1,0,0,0,0
1587257297,0,0,0,0,0,1,0
1587257297,0,0,0,0,1,0,0
1587257297,0,0,0,0,0,0,1
1587257297,0,0,0,1,0,0,0
1587257297,0,0,1,0,0,0,0
1587257297,0,1,0,-1,0,0,0
1587257297,-1,0,0,-1,0,1,-1
1587257297,-1,0,1,-1,0,0,-1
1587257297,-1,0,1,-1,0,0,-1
1587257297,-1,1,0,-1,0,-1,-1
1587257297,-1,0,1,-1,-1,-1,-1
1587257297,-1,1,-1,-1,-1,-1,-1
1587358959,0,0,0,0,0,1,0
1587358959,0,0,1,0,0,0,0
1587358959,1,0,0,0,0,0,0
1587358959,0,1,0,0,0,0,0
1587358959,0,0,0,1,0,0,0
1587358959,0,0,0,0,0,0,1
1587358959,0,0,0,0,1,0,0
1587358959,0,0,0,0,0,1,0
1587358959,1,0,0,0,0,0,0
1587358959,0,0,0,1,0,0,0
1587358959,0,0,0,0,0,0,1
1587358959,0,0,1,0,0,0,0
1587358959,0,1,0,0,0,0,0
1587358959,1,0,0,0,0,0,0
1587358959,0,0,0,0,0,1,0
1587358959,0,0,0,0,0,0,1
1587358959,0,0,0,1,0,0,-1
1587358959,1,0,0,0,0,0,-1
1587358959,0,0,0,0,-1,1,-1
1587358959,0,0,0,1,-1,0,-1
1587358959,0,1,0,0,-1,0,-1
1587358959,1,0,0,0,-1,0,-1
1587362423,0,0,0,1,0,0,0
1587362423,0,0,0,0,0,0,1
1587362423,1,0,0,0,0,0,0
1587362423,0,1,0,0,0,0,0
1587362423,0,0,0,0,1,0,0
1587362423,0,0,0,0,0,1,0
1587362423,0,0,0,0,0,0,1
1587362423,1,0,0,0,0,0,0
1587362423,0,0,1,0,0,0,0
1587362423,0,0,0,1,0,0,0
1587362423,0,1,0,0,0,0,0
1587362423,0,0,0,0,0,0,1
1587362423,1,0,0,0,0,0,0
1587362423,0,0,0,0,1,0,0
1587362423,0,0,0,1,0,0,0
1587362423,0,1,0,0,0,0,0
1587362423,1,0,0,0,0,0,0
1587362423,0,0,0,0,1,0,0
1587362423,0,0,-1,0,0,1,0
1587362423,0,1,-1,0,0,0,0
1587362423,0,0,-1,0,1,-1,0
1587364067,0,0,0,0,0,1,0
1587364067,0,1,0,0,0,0,0
1587364067,0,0,0,0,1,0,0
1587364067,1,0,0,0,0,0,0
1587364067,0,0,1,0,0,0,0
1587364067,0,0,0,1,0,0,0
1587364067,0,0,0,0,0,1,0
1587364067,0,0,0,0,1,0,0
1587364067,0,1,0,0,0,0,0
1587364067,1,0,0,0,0,0,0
1587364067,0,0,0,0,0,0,1
1587364067,0,0,0,1,0,0,0
1587364067,0,0,1,0,0,0,0
1587364067,0,1,0,0,0,0,0
1587364067,0,0,0,0,0,1,0
1587366137,0,0,0,0,0,1,0
1587366137,0,0,0,1,0,0,0
1587366137,1,0,0,0,0,0,0
1587366137,0,0,0,0,0,0,1
1587366137,0,1,0,0,0,0,0
1587366137,0,0,0,0,0,1,0
1587366137,0,0,0,1,0,0,0
1587366137,0,0,0,0,1,0,0
1587366137,0,0,0,0,0,0,1
1587366137,0,0,1,0,0,0,0
1587366137,0,0,0,0,0,1,0
1587366137,0,0,0,1,0,0,0
1587366137,0,0,0,0,1,0,0
1587366137,1,0,0,0,0,0,0
1587366137,0,1,0,0,0,0,0
1587366137,0,0,0,0,0,1,0
1587366137,0,0,0,1,0,0,0
1587366137,0,0,1,0,0,0,0
1587366137,0,0,0,0,0,0,1
1587366137,1,-1,0,0,0,-1,0
1587366137,0,-1,1,0,0,-1,0
1587366137,0,-1,-1,-1,1,-1,0
1587366137,1,-1,-1,-1,0,-1,0
1587366137,-1,-1,-1,-1,1,-1,-1
1587372972,0,0,0,1,0,0,0
1587372972,0,0,0,0,0,1,0
1587372972,0,0,0,0,0,0,1
1587372972,0,0,0,0,1,0,0
1587372972,0,1,0,0,0,0,0
1587372972,0,0,0,1,0,0,0
1587372972,1,0,0,0,0,0,0
1587372972,0,0,0,0,0,0,1
1587372972,0,0,1,0,0,0,0
1587372972,0,0,0,0,1,0,0
1587372972,0,0,0,0,0,1,0
1587372972,1,0,0,0,0,0,0
1587372972,0,1,0,0,0,0,0
1587372972,0,0,1,0,0,0,0
1587372972,0,0,0,0,0,0,1
1587372972,0,0,0,1,0,0,0
1587375570,0,1,0,0,0,0,0
1587375570,0,0,0,0,0,1,0
1587375570,0,0,0,0,1,0,0
1587375570,0,0,0,1,0,0,0
1587375570,0,0,1,0,0,0,0
1587375570,1,0,0,0,0,0,0
1587375570,0,0,0,0,0,1,0
1587375570,0,0,0,0,1,0,0
1587375570,0,0,0,0,0,0,1
1587375570,0,0,1,0,0,0,0
1587375570,1,0,0,0,0,0,0
1587375570,0,0,0,1,0,0,0
1587375570,0,0,0,0,0,1,0
1587375570,0,0,0,0,1,0,0
1587375570,0,0,0,0,0,0,1
1587375570,1,0,0,0,0,0,0
1587375570,0,1,0,0,0,0,0
1587375570,0,0,0,0,0,1,0
1587375570,0,0,1,0,0,-1,0
1587375570,1,0,0,0,0,-1,0
1587375570,0,0,0,1,0,-1,-1
1587377811,0,0,1,0,0,0,0
1587377811,1,0,0,0,0,0,0
1587377811,0,0,0,0,0,1,0
1587377811,0,0,0,0,0,0,1
1587377811,0,0,0,1,0,0,0
1587377811,0,1,0,0,0,0,0
1587377811,0,0,0,0,1,0,0
1587377811,0,0,1,0,0,0,0
1587377811,0,0,0,0,0,1,0
1587377811,1,0,0,0,0,0,0
1587377811,0,0,0,0,0,0,1
1587377811,0,1,0,0,0,0,0
1587377811,0,0,0,0,1,0,0
1587377811,0,0,0,1,0,0,0
1587377811,0,0,1,0,0,0,0
1587377811,1,0,0,0,0,0,-1
1587535201,1,0,0,0,0,0,0
1587535201,0,1,0,0,0,0,0
1587535201,0,0,1,0,0,0,0
1587535201,0,0,0,0,0,0,1
1587535201,0,0,0,1,0,0,0
1587535201,0,0,0,0,1,0,0
1587535201,0,1,0,0,0,0,0
1587535201,0,0,0,0,0,1,0
1587535201,0,0,0,0,0,0,1
1587535201,0,0,0,1,0,0,0
1587535201,1,0,0,0,0,0,0
1587535201,0,0,0,0,1,0,0
1587535201,0,0,1,0,0,0,0
1587535201,0,0,0,0,0,0,1
1587535201,0,1,0,0,0,0,0
1587535201,0,0,0,0,0,1,0
1587535201,1,0,0,0,0,0,0
1587535201,0,0,0,1,0,0,0
1587535201,0,1,0,0,0,0,0
1587535201,0,0,-1,0,0,1,0
1587535201,0,0,-1,0,0,0,1
1587535201,0,1,-1,0,0,-1,0
1587536658,0,0,0,0,0,0,0
1587536658,0,1,0,0,0,0,0
1587536658,0,0,0,0,1,0,0
1587536658,0,0,1,0,0,0,0
1587536658,0,0,0,1,0,0,0
1587536658,1,0,0,0,0,0,0
1587536658,0,0,0,0,0,1,0
1587536658,0,0,0,0,1,0,0
1587536658,0,0,1,0,0,0,0
1587536658,0,1,0,0,0,0,0
1587536658,0,0,0,1,0,0,0
1587536658,1,0,0,0,0,0,0
1587536658,0,0,0,0,0,1,0
1587536658,0,0,0,0,1,0,0
1587536658,0,0,0,0,0,0,1
1587536658,0,1,0,0,0,0,0
1587536658,1,0,0,0,0,0,0
1587538936,0,0,1,0,0,0,0
1587538936,1,0,0,0,0,0,0
1587538936,0,0,0,1,0,0,0
1587538936,0,0,0,0,1,0,0
1587538936,0,0,0,0,0,1,0
1587538936,0,0,0,0,0,0,1
1587538936,1,0,0,0,0,0,0
1587538936,0,1,0,0,0,0,0
1587538936,0,0,0,1,0,0,0
1587538936,0,0,0,0,0,1,0
1587538936,0,0,1,0,0,0,0
1587538936,0,0,0,0,0,0,1
1587538936,1,0,0,0,0,0,0
1587538936,0,0,0,0,1,0,0
1587538936,0,0,0,1,0,0,0
1587538936,0,0,1,0,0,-1,0
1587538936,1,0,0,0,0,-1,0
1587538936,0,1,0,0,0,-1,0
1587538936,0,0,0,0,1,-1,0
1587538936,-1,0,0,1,0,-1,-1
1587540525,1,0,0,0,0,0,0
1587540525,0,0,0,0,0,1,0
1587540525,0,0,1,0,0,0,0
1587540525,0,0,0,1,0,0,0
1587540525,0,1,0,0,0,0,0
1587540525,1,0,0,0,0,0,0
1587540525,0,0,0,0,0,0,1
1587540525,0,0,1,0,0,0,0
1587540525,0,0,0,1,0,0,0
1587540525,0,1,0,0,0,0,0
1587540525,0,0,0,0,0,1,0
1587540525,1,0,0,0,0,0,0
1587540525,0,0,1,0,0,0,0
1587540525,0,0,0,0,0,0,1
1587540525,0,1,0,0,0,0,0
1587540525,0,0,0,0,0,1,0
1587540525,0,0,0,0,1,0,0
1587540525,0,0,1,0,0,0,0
1587540525,-1,-1,0,0,0,0,1
1587540525,-1,-1,1,0,-1,0,-1
1587542778,0,0,0,0,1,0,0
1587542778,0,0,0,0,0,1,0
1587542778,1,0,0,0,0,0,0
1587542778,0,0,1,0,0,0,0
1587542778,0,1,0,0,0,0,0
1587542778,0,0,0,0,1,0,0
1587542778,0,0,0,0,0,1,0
1587542778,0,0,0,0,0,0,1
1587542778,0,0,1,0,0,0,0
1587542778,1,0,0,0,0,0,0
1587542778,0,0,0,0,1,0,0
1587542778,0,0,0,1,0,0,0
1587542778,0,0,0,0,0,0,1
1587542778,0,0,1,0,0,0,0
1587542778,1,0,0,0,0,0,0
1587542778,0,1,0,0,0,0,0
1587542778,0,0,0,-1,0,0,1
1587542778,0,0,1,-1,0,0,0
1587542778,0,0,0,-1,1,0,0
1587544802,0,0,0,0,0,0,0
1587544802,0,0,1,0,0,0,0
1587544802,0,0,0,0,0,1,0
1587544802,0,0,0,0,1,0,0
1587544802,1,0,0,0,0,0,0
1587544802,0,1,0,0,0,0,0
1587544802,0,0,0,1,0,0,0
1587544802,0,0,0,0,0,1,0
1587544802,0,0,1,0,0,0,0
1587544802,1,0,0,0,0,0,0
1587544802,0,0,0,0,1,0,0
1587544802,0,1,0,0,0,0,0
1587544802,0,0,0,0,0,1,0
1587544802,1,-1,0,0,0,0,0
1587544802,0,-1,0,0,1,0,0
1587544802,0,-1,1,0,0,0,0
1587544802,0,-1,0,0,0,0,1
1587544802,0,-1,0,0,0,1,0
1587544802,0,-1,0,1,0,0,0
1587544802,1,-1,0,0,0,0,0
1587544802,0,-1,1,0,0,0,-1
1587617205,0,0,0,1,0,0,0
1587617205,0,1,0,0,0,0,0
1587617205,0,0,0,0,0,1,0
1587617205,0,0,0,0,1,0,0
1587617205,0,0,0,0,0,0,1
1587617205,0,0,0,1,0,0,0
1587617205,1,0,0,0,0,0,0
1587617205,0,0,1,0,0,0,0
1587617205,0,1,0,0,0,0,0
1587617205,0,0,0,0,0,0,1
1587617205,0,0,0,0,1,0,0
1587617205,0,0,0,0,0,1,0
1587617205,0,0,0,1,0,0,0
1587617205,1,0,0,0,0,0,0
1587617205,0,0,0,0,0,0,1
1587617205,0,0,0,0,1,0,0
1587617205,0,0,1,0,0,0,0
1587617205,0,0,0,1,0,0,0
1587617205,1,0,0,0,0,0,0
1587619190,0,0,1,0,0,0,0
1587619190,0,0,0,0,0,0,1
1587619190,0,0,0,0,0,1,0
1587619190,0,1,0,0,0,0,0
1587619190,0,0,0,1,0,0,0
1587619190,0,0,1,0,0,0,0
1587619190,0,0,0,0,0,0,1
1587619190,0,0,0,0,1,0,0
1587619190,0,1,0,0,0,0,0
1587619190,0,0,0,0,0,1,0
1587619190,0,0,1,0,0,0,0
1587619190,1,0,0,0,0,0,0
1587619190,0,0,0,1,0,0,0
1587619190,0,0,0,0,0,0,1
1587619190,0,0,0,0,1,0,0
1587619190,1,0,0,0,0,0,0
1587619190,0,0,0,-1,0,0,1
1587619190,0,1,0,-1,0,0,0
1587619190,0,0,-1,-1,0,1,0
1587619190,0,0,-1,-1,0,0,1
1587621171,0,0,0,1,0,0,0
1587621171,0,0,1,0,0,0,0
1587621171,0,0,0,0,0,0,1
1587621171,0,0,0,0,0,1,0
1587621171,1,0,0,0,0,0,0
1587621171,0,0,0,1,0,0,0
1587621171,0,0,0,0,1,0,0
1587621171,0,0,0,0,0,0,1
1587621171,0,0,0,0,0,1,0
1587621171,1,0,0,0,0,0,0
1587621171,0,1,0,0,0,0,0
1587621171,0,0,0,1,0,0,0
1587621171,0,0,1,0,0,0,0
1587621171,0,0,0,0,1,0,0
1587621171,0,0,0,0,0,1,0
1587621171,0,0,0,0,0,0,1
1587621171,0,1,0,0,0,0,0
1587621171,0,0,0,0,1,0,0
1587621171,-1,0,0,-1,0,0,1
1587621171,-1,0,0,-1,-1,1,0
1587621171,-1,1,0,-1,-1,0,0
1587621171,-1,-1,1,-1,-1,0,0
1587623125,0,0,1,0,0,0,0
1587623125,0,0,0,0,1,0,0
1587623125,0,0,0,0,0,0,1
1587623125,0,1,0,0,0,0,0
1587623125,1,0,0,0,0,0,0
1587623125,0,0,0,1,0,0,0
1587623125,0,0,0,0,1,0,0
1587623125,0,0,0,0,0,0,1
1587623125,0,0,0,0,0,1,0
1587623125,0,0,1,0,0,0,0
1587623125,0,0,0,1,0,0,0
1587623125,0,1,0,0,0,0,0
1587623125,0,0,0,0,1,0,0
1587623125,0,0,0,0,0,1,0
1587623125,0,0,1,0,0,0,0
1587623125,0,0,0,0,0,0,1
1587623125,0,1,0,0,0,0,0
1587623125,0,0,0,1,0,0,0
1587623125,0,0,-1,0,0,1,0
1587624760,1,0,0,0,0,0,0
1587624760,0,0,0,0,0,0,1
1587624760,0,0,0,0,0,1,0
1587624760,0,0,1,0,0,0,0
1587624760,0,1,0,0,0,0,0
1587624760,0,0,0,1,0,0,0
1587624760,1,0,0,0,0,0,0
1587624760,0,0,0,0,0,0,1
1587624760,0,0,0,0,0,1,0
1587624760,0,1,0,0,0,0,0
1587624760,0,0,0,0,1,0,0
1587624760,0,0,0,1,0,0,0
1587624760,0,0,1,0,0,0,0
1587624760,1,0,0,0,0,0,0
1587624760,0,1,0,0,0,0,0
1587624760,0,0,0,0,0,1,0
1587624760,0,0,0,0,1,0,0
1587626778,0,0,0,0,0,0,0
1587626778,0,0,0,0,1,0,0
1587626778,0,0,0,0,0,1,0
1587626778,0,1,0,0,0,0,0
1587626778,0,0,1,0,0,0,0
1587626778,0,0,0,0,0,0,1
1587626778,1,0,0,0,0,0,0
1587626778,0,0,0,0,0,1,0
1587626778,0,1,0,0,0,0,0
1587626778,0,0,0,0,1,0,0
1587626778,0,0,0,1,0,0,0
1587626778,0,0,0,0,0,0,1
1587626778,1,0,0,0,0,0,0
1587626778,0,0,1,0,0,0,0
1587626778,0,0,0,0,1,0,0
1587626778,0,1,0,0,0,0,0
1587626778,0,0,0,0,0,1,0
1587626778,0,0,0,0,0,0,1
1587626778,0,0,0,0,1,0,-1
1587626778,1,0,0,0,0,0,-1
1587626778,0,0,0,0,0,1,-1
1587626778,0,1,0,0,0,0,-1
1587626778,-1,0,1,0,-1,0,-1
1587626778,-1,0,-1,-1,-1,1,-1
1587693136,0,1,0,0,0,0,0
1587693136,1,0,0,0,0,0,0
1587693136,0,0,1,0,0,0,0
1587693136,0,0,0,0,0,0,1
1587693136,0,0,0,0,0,1,0
1587693136,0,1,0,0,0,0,0
1587693136,0,0,0,0,1,0,0
1587693136,1,0,0,0,0,0,0
1587693136,0,0,1,0,0,0,0
1587693136,0,0,0,1,0,0,0
1587693136,0,0,0,0,0,1,0
1587693136,0,1,0,0,0,0,0
1587693136,0,0,0,0,0,0,1
1587693136,0,0,0,0,1,0,0
1587693136,0,0,1,0,0,0,0
1587693136,0,0,0,1,0,0,0
1587693136,0,0,0,0,0,1,0
1587693136,0,1,0,0,0,0,0
1587693136,0,0,0,0,0,0,1
1587693136,0,0,1,0,0,-1,0
1587693136,1,0,0,0,0,-1,0
1587693136,-1,-1,0,1,0,-1,0
1587693136,-1,-1,1,0,-1,-1,0
1587693136,-1,-1,0,1,-1,-1,0
1587693136,-1,-1,0,-1,-1,-1,1
1587708701,0,0,0,0,0,1,0
1587708701,0,1,0,0,0,0,0
1587708701,0,0,1,0,0,0,0
1587708701,0,0,0,0,0,0,1
1587708701,0,0,0,0,1,0,0
1587708701,1,0,0,0,0,0,0
1587708701,0,0,0,0,0,1,0
1587708701,0,0,1,0,0,0,0
1587708701,0,0,0,0,0,0,1
1587708701,0,1,0,0,0,0,0
1587708701,0,0,0,1,0,0,0
1587708701,0,0,0,0,1,0,0
1587708701,0,0,1,0,0,0,0
1587708701,0,0,0,0,0,0,1
1587708701,1,0,0,0,0,0,0
1587708701,0,0,0,1,0,0,0
1587708701,0,1,0,0,0,0,0
1587708701,0,0,-1,-1,1,0,0
1587708701,0,0,-1,-1,0,0,1
1587708701,0,1,-1,-1,0,0,0
1587708701,0,-1,-1,-1,0,1,0
1587708701,1,-1,-1,-1,-1,0,0
1587712831,0,0,0,0,0,0,1
1587712831,0,0,0,1,0,0,0
1587712831,0,0,0,0,1,0,0
1587712831,0,0,0,0,0,1,0
1587712831,0,1,0,0,0,0,0
1587712831,0,0,1,0,0,0,0
1587712831,0,0,0,0,0,0,1
1587712831,0,0,0,0,1,0,0
1587712831,0,0,0,0,0,1,0
1587712831,0,0,0,1,0,0,0
1587712831,0,1,0,0,0,0,0
1587712831,1,0,0,0,0,0,0
1587712831,0,0,1,0,0,0,0
1587712831,0,0,0,0,0,0,1
1587712831,0,0,0,0,0,1,0
1587712831,0,0,0,0,1,0,0
1587712831,0,1,0,0,0,0,0
1587712831,0,0,1,0,0,0,0
1587712831,-1,0,0,0,0,-1,1
1587712831,-1,1,-1,0,0,-1,-1
1587712831,-1,0,-1,1,0,-1,-1
1587712831,-1,-1,-1,0,1,-1,-1
1587714627,1,0,0,0,0,0,0
1587714627,0,0,1,0,0,0,0
1587714627,0,0,0,1,0,0,0
1587714627,0,0,0,0,0,1,0
1587714627,0,0,0,0,0,0,1
1587714627,0,1,0,0,0,0,0
1587714627,1,0,0,0,0,0,0
1587714627,0,0,1,0,0,0,0
1587714627,0,0,0,0,1,0,0
1587714627,0,0,0,1,0,0,0
1587714627,0,0,0,0,0,1,0
1587714627,0,0,0,0,0,0,1
1587714627,1,0,0,0,0,0,0
1587714627,0,1,0,0,0,0,0
1587714627,0,0,1,0,0,0,0
1587714627,0,0,0,0,0,1,0
1587716384,0,0,0,0,1,0,0
1587716384,0,0,1,0,0,0,0
1587716384,0,0,0,0,0,0,1
1587716384,0,0,0,0,0,1,0
1587716384,0,1,0,0,0,0,0
1587716384,0,0,0,0,1,0,0
1587716384,0,0,1,0,0,0,0
1587716384,0,0,0,0,0,0,1
1587716384,0,0,0,1,0,0,0
1587716384,0,0,0,0,0,1,0
1587716384,0,0,0,0,1,0,0
1587716384,0,0,1,0,0,0,0
1587716384,1,0,0,0,0,0,0
1587716384,0,0,0,0,0,1,0
1587716384,0,1,0,0,0,0,0
1587716384,0,0,0,0,0,0,1
1587718360,0,1,0,0,0,0,0
1587718360,0,0,0,0,1,0,0
1587718360,0,0,1,0,0,0,0
1587718360,0,0,0,0,0,1,0
1587718360,0,0,0,1,0,0,0
1587718360,0,0,0,0,0,0,1
1587718360,0,1,0,0,0,0,0
1587718360,0,0,1,0,0,0,0
1587718360,1,0,0,0,0,0,0
1587718360,0,0,0,0,1,0,0
1587718360,0,0,0,0,0,1,0
1587718360,0,1,0,0,0,0,0
1587718360,0,0,0,1,0,0,0
1587718360,0,0,1,0,0,0,0
1587718360,1,0,0,0,0,0,0
1587718360,0,0,0,0,0,0,1
1587718360,0,1,0,0,0,0,0
1587718360,0,0,0,1,0,0,0
1587718360,0,0,1,0,0,0,0
1587718360,0,0,0,0,0,-1,1
1587718360,1,0,0,0,0,-1,-1
1587718360,0,-1,-1,0,1,-1,-1
1587718360,0,-1,-1,1,0,-1,-1
1587720240,0,0,1,0,0,0,0
1587720240,1,0,0,0,0,0,0
1587720240,0,0,0,0,0,0,1
1587720240,0,0,0,0,0,1,0
1587720240,0,1,0,0,0,0,0
1587720240,0,0,0,0,1,0,0
1587720240,1,0,0,0,0,0,0
1587720240,0,0,1,0,0,0,0
1587720240,0,0,0,0,0,0,1
1587720240,0,1,0,0,0,0,0
1587720240,0,0,0,0,1,0,0
1587720240,0,0,0,0,0,1,0
1587720240,0,0,1,0,0,0,0
1587720240,1,0,0,0,0,0,0
1587720240,0,1,0,0,0,0,0
1587720240,0,0,0,0,1,0,0
1587720240,0,0,0,0,0,1,0
1587722234,0,0,0,1,0,0,0
1587722234,0,0,0,0,0,0,1
1587722234,1,0,0,0,0,0,0
1587722234,0,0,0,0,1,0,0
1587722234,0,0,1,0,0,0,0
1587722234,0,0,0,0,0,1,0
1587722234,0,0,0,0,0,0,1
1587722234,1,0,0,0,0,0,0
1587722234,0,0,0,0,1,0,0
1587722234,0,0,0,1,0,0,0
1587722234,0,0,0,0,0,1,0
1587722234,0,0,0,0,0,0,1
1587722234,0,0,1,0,0,0,0
1587722234,0,0,0,0,1,0,0
1587722234,1,0,0,0,0,0,0
1587722234,0,0,0,0,0,1,0
1587722234,0,0,0,0,0,0,1
1587722234,0,0,0,1,0,0,0
1587722234,0,1,0,0,0,0,0
1587722234,0,-1,1,0,0,0,0
1587722234,0,-1,0,0,0,1,0
1587724255,1,0,0,0,0,0,0
1587724255,0,0,0,1,0,0,0
1587724255,0,0,0,0,0,0,1
1587724255,0,0,1,0,0,0,0
1587724255,0,0,0,0,1,0,0
1587724255,0,0,0,0,0,1,0
1587724255,0,0,0,1,0,0,0
1587724255,1,0,0,0,0,0,0
1587724255,0,1,0,0,0,0,0
1587724255,0,0,1,0,0,0,0
1587724255,0,0,0,0,0,0,1
1587724255,0,0,0,1,0,0,0
1587724255,0,0,0,0,0,1,0
1587724255,0,0,0,0,1,0,0
1587724255,0,0,1,0,0,0,-1
1587724255,1,0,0,0,0,0,-1
1587724255,0,0,0,1,0,0,-1
1587724255,0,0,0,0,0,1,-1
1587724255,0,-1,1,0,0,0,-1
1587724255,-1,-1,0,-1,0,0,-1
1587724255,-1,-1,0,-1,1,-1,-1
1587724255,-1,-1,0,-1,1,-1,-1
1587724255,-1,-1,1,-1,-1,-1,-1
1587773868,1,0,0,0,0,0,0
1587773868,0,0,0,0,1,0,0
1587773868,0,1,0,0,0,0,0
1587773868,0,0,0,0,0,0,1
1587773868,0,0,0,0,0,1,0
1587773868,0,0,0,1,0,0,0
1587773868,0,0,0,0,1,0,0
1587773868,0,0,1,0,0,0,0
1587773868,0,1,0,0,0,0,0
1587773868,0,0,0,0,0,0,1
1587773868,1,0,0,0,0,0,0
1587773868,0,0,0,1,0,0,0
1587773868,0,0,0,0,1,0,0
1587773868,0,0,0,0,0,1,0
1587773868,0,0,0,0,0,0,1
1587773868,0,0,1,0,0,0,0
1587773868,0,0,0,1,0,0,0
1587773868,1,0,0,0,0,0,0
1587773868,0,1,0,0,0,0,0
1587773868,0,0,0,0,0,1,0
1587773868,0,0,0,0,0,0,1
1587773868,-1,-1,0,0,1,-1,0
1587773868,-1,-1,1,-1,0,-1,-1
1587773868,-1,-1,0,-1,1,-1,-1
1587773868,-1,-1,-1,-1,1,-1,-1
1587794446,0,0,0,0,1,0,0
1587794446,1,0,0,0,0,0,0
1587794446,0,0,0,1,0,0,0
1587794446,0,0,0,0,0,0,1
1587794446,0,0,1,0,0,0,0
1587794446,0,0,0,0,1,0,0
1587794446,1,0,0,0,0,0,0
1587794446,0,0,0,0,0,0,1
1587794446,0,0,0,0,0,1,0
1587794446,0,0,1,0,0,0,0
1587794446,0,0,0,1,0,0,0
1587794446,0,1,0,0,0,0,0
1587794446,0,0,0,0,0,0,1
1587794446,0,-1,0,0,1,0,0
1587794446,0,-1,0,0,0,1,0
1587794446,1,-1,0,0,0,0,0
1587794446,0,-1,-1,1,0,0,0
1587794446,1,-1,-1,0,0,0,0
1587794446,0,-1,-1,0,1,-1,-1
1587794446,0,-1,-1,1,0,-1,-1
1587812684,0,0,1,0,0,0,0
1587812684,0,1,0,0,0,0,0
1587812684,0,0,0,0,0,0,1
1587812684,0,0,0,0,0,1,0
1587812684,0,0,0,1,0,0,0
1587812684,1,0,0,0,0,0,0
1587812684,0,0,0,0,1,0,0
1587812684,0,0,0,0,0,0,1
1587812684,0,0,0,0,0,1,0
1587812684,0,0,1,0,0,0,0
1587812684,0,0,0,1,0,0,0
1587812684,1,0,0,0,0,0,0
1587812684,0,0,0,0,1,0,0
1587812684,0,1,0,0,0,0,0
1587812684,0,0,1,0,0,0,0
1587812684,0,0,0,1,0,0,0
1587812684,0,0,0,0,0,0,1
1587815245,0,0,0,0,1,0,0
1587815245,0,0,0,0,0,1,0
1587815245,0,0,1,0,0,0,0
1587815245,0,0,0,1,0,0,0
1587815245,0,0,0,0,0,0,1
1587815245,0,1,0,0,0,0,0
1587815245,1,0,0,0,0,0,0
1587815245,0,0,1,0,0,0,0
1587815245,0,0,0,0,0,1,0
1587815245,0,0,0,0,0,0,1
1587815245,0,0,0,0,1,0,0
1587815245,0,1,0,0,0,0,0
1587815245,0,0,1,0,0,0,0
1587815245,0,0,0,1,0,0,0
1587815245,0,0,0,0,0,0,1
1587815245,0,0,0,0,1,0,0
1587815245,0,1,0,0,0,0,0
1587815245,0,-1,0,0,0,1,0
1587815245,1,-1,0,-1,0,0,-1
1587815245,0,-1,0,-1,0,1,-1
1587815245,0,-1,0,-1,1,-1,-1
1587815245,1,-1,0,-1,0,-1,-1
1587815245,0,-1,1,-1,0,-1,-1
1587815245,1,-1,0,-1,0,-1,-1
1587865047,0,0,1,0,0,0,0
1587865047,0,1,0,0,0,0,0
1587865047,0,0,0,0,0,0,1
1587865047,0,0,0,0,0,1,0
1587865047,0,0,0,1,0,0,0
1587865047,0,0,0,0,1,0,0
1587865047,0,1,0,0,0,0,0
1587865047,0,0,0,0,0,0,1
1587865047,0,0,0,0,0,1,0
1587865047,1,0,0,0,0,0,0
1587865047,0,0,0,1,0,0,0
1587865047,0,0,1,0,0,0,0
1587865047,0,0,0,0,1,0,0
1587865047,0,1,0,0,0,0,0
1587865047,0,0,0,0,0,0,1
1587865047,0,0,0,1,0,0,0
1587865047,1,0,0,0,0,0,0
1587865047,0,0,0,0,0,0,1
1587865047,1,0,-1,-1,0,0,0
1587867123,0,1,0,0,0,0,0
1587867123,0,0,0,0,0,0,1
1587867123,0,0,0,1,0,0,0
1587867123,1,0,0,0,0,0,0
1587867123,0,0,0,0,1,0,0
1587867123,0,0,1,0,0,0,0
1587867123,0,0,0,0,0,0,1
1587867123,0,0,0,0,0,1,0
1587867123,0,1,0,0,0,0,0
1587867123,0,0,0,1,0,0,0
1587867123,0,0,0,0,1,0,0
1587867123,1,0,0,0,0,0,0
1587867123,0,0,0,0,0,1,0
1587867123,0,1,0,0,0,0,0
1587867123,0,0,0,0,0,0,1
1587867123,0,0,1,0,0,0,0
1587867123,0,0,0,0,1,0,0
1587867123,0,0,0,1,0,0,0
1587867123,0,0,0,0,0,1,0
1587867123,1,0,-1,0,0,0,0
1587867123,0,0,-1,0,1,0,0
1587867123,0,0,-1,1,0,0,0
1587867123,1,-1,-1,0,0,-1,0
1587867123,0,-1,-1,0,1,-1,-1
1587879931,0,0,0,0,0,1,0
1587879931,0,0,0,0,0,0,1
1587879931,0,0,1,0,0,0,0
1587879931,0,0,0,0,1,0,0
1587879931,0,1,0,0,0,0,0
1587879931,1,0,0,0,0,0,0
1587879931,0,0,0,0,0,0,1
1587879931,0,0,1,0,0,0,0
1587879931,0,0,0,1,0,0,0
1587879931,0,0,0,0,1,0,0
1587879931,1,0,0,0,0,0,0
1587879931,0,1,0,0,0,0,0
1587879931,0,0,0,0,0,0,1
1587879931,0,0,0,0,1,0,0
1587879931,0,0,1,0,0,0,0
1587879931,0,1,0,0,0,0,0
1587879931,1,0,-1,0,0,0,0
1587879931,0,0,-1,0,1,0,0
1587879931,0,1,-1,-1,0,0,0
1587879931,0,0,-1,-1,0,-1,1
1587879931,0,-1,-1,-1,1,-1,0
1587879931,0,-1,-1,-1,-1,-1,1
1587879931,-1,-1,-1,-1,-1,-1,1
1587964475,0,0,0,1,0,0,0
1587964475,0,0,0,0,1,0,0
1587964475,1,0,0,0,0,0,0
1587964475,0,0,0,0,0,1,0
1587964475,0,0,0,0,0,0,1
1587964475,0,0,0,1,0,0,0
1587964475,0,1,0,0,0,0,0
1587964475,0,0,0,0,1,0,0
1587964475,0,0,0,0,0,1,0
1587964475,0,0,0,0,0,0,1
1587964475,0,0,1,0,0,0,0
1587964475,1,0,0,0,0,0,0
1587964475,0,1,0,0,0,0,0
1587964475,0,0,0,1,0,0,0
1587964475,0,0,0,0,0,1,0
1587964475,0,0,0,0,1,0,0
1587964475,0,0,0,0,0,0,1
1587964475,0,1,0,0,0,0,0
1587964475,0,0,1,0,0,0,0
1587966553,0,0,0,0,0,0,1
1587966553,0,0,1,0,0,0,0
1587966553,0,1,0,0,0,0,0
1587966553,0,0,0,1,0,0,0
1587966553,1,0,0,0,0,0,0
1587966553,0,0,0,0,0,0,1
1587966553,0,0,0,0,1,0,0
1587966553,0,0,0,0,0,1,0
1587966553,0,0,0,1,0,0,0
1587966553,1,0,0,0,0,0,0
1587966553,0,1,0,0,0,0,0
1587966553,0,0,0,0,1,0,0
1587966553,0,0,0,0,0,0,1
1587966553,0,0,0,1,0,0,0
1587966553,1,-1,0,0,-1,0,0
1587966553,0,-1,0,0,-1,0,1
1587966553,0,-1,1,0,-1,0,0
1587966553,1,-1,0,0,-1,0,0
1587969075,1,0,0,0,0,0,0
1587969075,0,0,1,0,0,0,0
1587969075,0,0,0,1,0,0,0
1587969075,0,0,0,0,1,0,0
1587969075,0,1,0,0,0,0,0
1587969075,0,0,0,0,0,1,0
1587969075,0,0,0,0,0,0,1
1587969075,1,0,0,0,0,0,0
1587969075,0,0,0,0,1,0,0
1587969075,0,0,0,1,0,0,0
1587969075,0,0,0,0,0,1,0
1587969075,0,0,0,0,0,0,1
1587969075,0,0,1,0,0,0,0
1587969075,0,0,0,0,1,0,0
1587969075,0,0,0,1,0,0,0
1587969075,0,0,0,0,0,0,1
1587969075,0,0,1,0,0,0,-1
1587969075,0,0,0,0,1,0,-1
1587969075,0,0,0,-1,0,1,-1
1587969075,1,0,-1,-1,0,0,-1
1587971496,0,0,0,1,0,0,0
1587971496,0,0,0,0,0,0,1
1587971496,0,0,0,0,1,0,0
1587971496,1,0,0,0,0,0,0
1587971496,0,0,1,0,0,0,0
1587971496,0,0,0,0,0,1,0
1587971496,0,1,0,0,0,0,0
1587971496,0,0,0,0,1,0,0
1587971496,0,0,0,0,0,0,1
1587971496,0,0,1,0,0,0,0
1587971496,1,0,0,0,0,0,0
1587971496,0,0,0,1,0,0,0
1587971496,0,0,0,0,0,1,0
1587971496,0,1,0,0,0,0,0
1587971496,0,0,1,0,0,0,0
1587971496,0,0,0,0,1,0,0
1587971496,0,0,0,1,0,0,0
1587971496,1,0,0,0,0,0,0
1587971496,0,0,0,0,0,0,1
1587971496,0,1,0,0,0,0,0
1587971496,0,0,1,-1,0,0,0
1587971496,1,0,0,-1,0,0,0
1587971496,1,0,0,-1,0,0,0
1587971496,-1,0,-1,-1,1,0,-1
1587971496,-1,1,-1,-1,-1,-1,-1
1587971496,-1,1,-1,-1,-1,-1,-1
1588055304,0,0,0,0,0,1,0
1588055304,1,0,0,0,0,0,0
1588055304,0,1,0,0,0,0,0
1588055304,0,0,0,0,1,0,0
1588055304,0,0,0,1,0,0,0
1588055304,0,0,1,0,0,0,0
1588055304,0,0,0,0,0,0,1
1588055304,0,1,0,0,0,0,0
1588055304,0,0,0,0,0,1,0
1588055304,0,0,0,1,0,0,0
1588055304,0,0,1,0,0,0,0
1588055304,0,0,0,0,1,0,0
1588055304,0,1,0,0,0,0,0
1588055304,0,0,0,0,0,1,0
1588055304,1,0,0,0,0,0,0
1588055304,0,0,1,0,0,0,0
1588055304,0,0,0,1,0,0,0
1588055304,0,0,0,0,1,0,0
1588055304,0,1,0,0,0,0,0
1588055304,0,0,0,0,0,0,1
1588055304,1,0,0,0,-1,0,0
1588055304,0,0,0,1,-1,0,0
1588057587,0,0,1,0,0,0,0
1588057587,0,1,0,0,0,0,0
1588057587,0,0,0,0,0,0,1
1588057587,0,0,0,0,0,1,0
1588057587,1,0,0,0,0,0,0
1588057587,0,0,0,1,0,0,0
1588057587,0,0,0,0,1,0,0
1588057587,0,0,1,0,0,0,0
1588057587,0,1,0,0,0,0,0
1588057587,0,0,0,0,0,1,0
1588057587,0,0,0,1,0,0,0
1588057587,1,0,0,0,0,0,0
1588057587,0,0,0,0,1,0,0
1588057587,0,1,0,0,0,0,0
1588057587,0,0,0,0,0,1,0
1588057587,0,0,0,0,0,0,1
1588057587,0,0,1,0,0,0,0
1588057587,0,-1,0,0,1,0,-1
1588057587,0,-1,0,1,0,0,-1
1588059950,0,0,0,0,0,0,1
1588059950,0,0,0,0,1,0,0
1588059950,0,1,0,0,0,0,0
1588059950,0,0,0,1,0,0,0
1588059950,1,0,0,0,0,0,0
1588059950,0,0,0,0,0,1,0
1588059950,0,0,1,0,0,0,0
1588059950,0,0,0,0,1,0,0
1588059950,0,1,0,0,0,0,0
1588059950,1,0,0,0,0,0,0
1588059950,0,0,0,0,0,1,0
1588059950,0,0,1,0,0,0,0
1588059950,0,0,0,0,1,0,0
1588059950,0,0,0,1,0,0,0
1588059950,0,1,0,0,0,0,0
1588059950,0,0,1,0,0,0,0
1588059950,0,0,0,0,0,1,-1
1588059950,0,0,0,1,0,0,-1
1588059950,0,1,0,0,0,0,-1
1588059950,-1,0,0,0,1,0,-1
1588059950,-1,0,1,0,0,0,-1
1588059950,-1,1,0,0,0,0,-1
1588061771,0,0,1,0,0,0,0
1588061771,0,0,0,1,0,0,0
1588061771,1,0,0,0,0,0,0
1588061771,0,0,0,0,0,1,0
1588061771,0,0,0,0,0,0,1
1588061771,0,1,0,0,0,0,0
1588061771,0,0,1,0,0,0,0
1588061771,1,0,0,0,0,0,0
1588061771,0,0,0,0,1,0,0
1588061771,0,0,0,0,0,1,0
1588061771,0,0,0,0,0,0,1
1588061771,0,1,0,0,0,0,0
1588061771,1,0,0,0,0,0,0
1588061771,0,0,0,1,0,0,0
1588061771,0,0,0,0,1,0,0
1588061771,0,0,1,0,0,0,0
1588061771,0,1,0,0,0,0,0
1588061771,1,0,0,0,0,0,0
1588064361,1,0,0,0,0,0,0
1588064361,0,0,0,0,1,0,0
1588064361,0,0,0,0,0,1,0
1588064361,0,0,1,0,0,0,0
1588064361,0,0,0,0,0,0,1
1588064361,1,0,0,0,0,0,0
1588064361,0,0,0,0,0,1,0
1588064361,0,0,0,0,1,0,0
1588064361,0,1,0,0,0,0,0
1588064361,0,0,0,1,0,0,0
1588064361,0,0,0,0,0,0,1
1588064361,0,0,0,0,0,1,0
1588064361,0,1,0,0,0,0,0
1588064361,0,0,0,0,1,0,0
1588064361,0,0,0,1,0,0,0
1588064361,1,0,0,0,0,0,0
1588064361,0,0,0,1,0,0,0
1588064361,0,0,1,-1,0,0,0
1588064361,0,1,0,-1,0,0,0
1588064361,0,0,0,-1,0,1,0
1588064361,1,0,-1,-1,0,0,0
1588064361,-1,0,-1,-1,0,0,1
1588064361,-1,-1,-1,-1,1,0,0
1588064361,-1,-1,-1,-1,0,1,0
1588064361,-1,-1,-1,-1,0,-1,1
1588064361,-1,-1,-1,-1,0,-1,1
1588064361,-1,-1,-1,-1,1,-1,-1
1588064361,-1,-1,-1,-1,1,-1,-1
1588066395,0,0,0,0,0,0,1
1588066395,0,1,0,0,0,0,0
1588066395,1,0,0,0,0,0,0
1588066395,0,0,1,0,0,0,0
1588066395,0,0,0,0,0,1,0
1588066395,0,0,0,1,0,0,0
1588066395,0,1,0,0,0,0,0
1588066395,1,0,0,0,0,0,0
1588066395,0,0,0,0,0,0,1
1588066395,0,0,1,0,0,0,0
1588066395,0,0,0,0,1,0,0
1588066395,0,0,0,1,0,0,0
1588066395,0,0,0,0,0,1,0
1588066395,1,0,0,0,0,0,0
1588066395,0,0,1,0,0,0,0
1588066395,0,0,0,0,1,0,0
1588066395,0,1,0,0,0,0,0
1588066395,0,0,0,1,0,0,0
1588127110,0,0,0,0,0,0,1
1588127110,0,1,0,0,0,0,0
1588127110,0,0,0,1,0,0,0
1588127110,0,0,0,0,1,0,0
1588127110,1,0,0,0,0,0,0
1588127110,0,0,0,0,0,0,1
1588127110,0,0,0,0,0,1,0
1588127110,0,0,1,0,0,0,0
1588127110,0,0,0,0,1,0,0
1588127110,1,0,0,0,0,0,0
1588127110,0,0,0,1,0,0,0
1588127110,0,0,0,0,0,0,1
1588127110,0,0,1,0,0,0,0
1588127110,0,0,0,0,0,1,0
1588127110,0,0,0,0,1,0,0
1588127110,1,0,0,0,0,0,0
1588127110,0,0,0,0,0,0,1
1588127110,0,0,1,0,0,0,0
1588127110,0,1,0,0,0,0,0
1588127110,1,0,0,0,0,0,0
1588127110,-1,0,0,-1,0,0,1
1588127110,-1,0,1,-1,0,-1,0
1588127110,-1,1,0,-1,-1,-1,-1
1588129521,0,0,0,1,0,0,0
1588129521,0,1,0,0,0,0,0
1588129521,1,0,0,0,0,0,0
1588129521,0,0,1,0,0,0,0
1588129521,0,0,0,0,0,1,0
1588129521,0,0,0,0,0,0,1
1588129521,0,0,0,1,0,0,0
1588129521,1,0,0,0,0,0,0
1588129521,0,0,1,0,0,0,0
1588129521,0,1,0,0,0,0,0
1588129521,0,0,0,0,0,0,1
1588129521,0,0,0,0,0,1,0
1588129521,1,0,0,0,0,0,0
1588129521,0,0,0,1,0,0,0
1588129521,0,0,0,0,1,0,0
1588129521,0,1,0,0,0,0,0
1588129521,0,0,1,0,0,0,0
1588129521,0,0,0,0,0,1,0
1588129521,0,0,-1,0,0,0,1
1588129521,1,-1,-1,0,0,0,-1
1588129521,-1,-1,-1,0,0,1,-1
1588129521,-1,-1,-1,1,0,-1,-1
1588129521,-1,-1,-1,0,1,-1,-1
1588143981,0,0,0,1,0,0,0
1588143981,0,0,0,0,0,0,1
1588143981,0,0,0,0,1,0,0
1588143981,0,0,1,0,0,0,0
1588143981,0,0,0,0,0,1,0
1588143981,0,1,0,0,0,0,0
1588143981,1,0,0,0,0,0,0
1588143981,0,0,0,0,1,0,0
1588143981,0,0,0,1,0,0,0
1588143981,0,0,1,0,0,0,0
1588143981,0,0,0,0,0,0,1
1588143981,0,0,0,0,0,1,0
1588143981,0,0,0,0,1,0,0
1588143981,0,1,0,0,0,0,0
1588143981,0,0,0,1,0,0,0
1588143981,0,0,0,0,0,0,1
1588143981,1,0,0,0,0,0,0
1588143981,0,0,1,0,0,0,0
1588227130,0,0,0,0,0,1,0
1588227130,0,0,0,1,0,0,0
1588227130,1,0,0,0,0,0,0
1588227130,0,0,0,0,0,0,1
1588227130,0,1,0,0,0,0,0
1588227130,0,0,0,0,1,0,0
1588227130,0,0,0,0,0,1,0
1588227130,0,0,1,0,0,0,0
1588227130,0,0,0,1,0,0,0
1588227130,1,0,0,0,0,0,0
1588227130,0,0,0,0,1,0,0
1588227130,0,0,0,0,0,1,0
1588227130,0,0,1,0,0,0,0
1588227130,0,0,0,0,0,0,1
1588227130,0,0,0,1,0,0,0
1588227130,1,0,0,0,0,0,0
1588227130,0,0,0,0,0,1,0
1588227130,0,-1,0,0,1,0,0
1588230998,1,0,0,0,0,0,0
1588230998,0,0,0,0,1,0,0
1588230998,0,0,0,0,0,1,0
1588230998,0,1,0,0,0,0,0
1588230998,0,0,1,0,0,0,0
1588230998,1,0,0,0,0,0,0
1588230998,0,0,0,1,0,0,0
1588230998,0,0,0,0,0,1,0
1588230998,0,1,0,0,0,0,0
1588230998,0,0,0,0,1,0,0
1588230998,0,0,1,0,0,0,0
1588230998,1,0,0,0,0,0,0
1588230998,0,0,0,1,0,0,0
1588230998,0,1,0,0,0,0,0
1588230998,0,0,0,0,0,0,1
1588230998,0,0,0,0,1,0,0
1588230998,1,0,0,0,0,-1,0
1588230998,0,1,0,0,0,-1,0
1588230998,0,0,0,-1,1,-1,0
1588230998,0,0,1,-1,0,-1,0
